<?xml version="1.0" encoding="UTF-8"?>
<!DOCTYPE suite SYSTEM "https://testng.org/testng-1.0.dtd">
<suite name="Regression Suite" parallel ="tests">
<test thread-count="5" name="Chrome-Regression Test">
  <parameter name ="validusername" value="dan@gmail.com" ></parameter>
<parameter name ="validpassword" value="test87543@" ></parameter>
<parameter name ="Invalidusername" value="ramgmail" ></parameter>
<parameter name ="Invalidpassword" value="4567" ></parameter>
<parameter name ="browser" value="chrome" ></parameter>
    <packages>
      <package name="Test"/>
    </packages>
  </test> <!-- Regression Test -->
  <test thread-count="5" name="Edge-Regression Test">
  <parameter name ="validusername" value="dan@gmail.com" ></parameter>
<parameter name ="validpassword" value="test87543@" ></parameter>
<parameter name ="Invalidusername" value="ramgmail" ></parameter>
<parameter name ="Invalidpassword" value="4567" ></parameter>
<parameter name ="browser" value="edge" ></parameter>
    <packages>
      <package name="Test"/>
    </packages>
  </test> <!-- Regression Test -->
</suite> <!-- Regression Suite -->
