<?xml version="1.0" encoding="UTF-8"?>
<!DOCTYPE suite SYSTEM "https://testng.org/testng-1.0.dtd">
<suite name="Regression Suite" parallel ="tests">
<parameter name ="validusername" value="dan@gmail.com" ></parameter>
<parameter name ="validpassword" value="test87543@" ></parameter>
<parameter name ="Invalidusername" value="Invalid- dan@gmail.com" ></parameter>
<parameter name ="Invalidpassword" value="Invalid-test87543@" ></parameter>
<parameter name ="browser" value="chrome" ></parameter>
  <test thread-count="5" name="Chrome- Regression Test">
    <packages>
      <package name="Test"/>
    </packages>
  </test> <!-- Regression Test -->
  <parameter name ="browser" value="edge" ></parameter>
  <test thread-count="5" name="Edge- Regression Test">
    <packages>
      <package name="Test"/>
    </packages>
  </test> <!-- Regression Test -->
</suite> <!-- Regression Suite -->
