<?xml version="1.0" encoding="UTF-8"?>
<!DOCTYPE suite SYSTEM "https://testng.org/testng-1.0.dtd">
<suite name="Regression Suite">
	<parameter name="Placename" value="Ooty"></parameter>
	<parameter name="firstname" value="Shardul"></parameter>
	<parameter name="lastname" value="Thakur"></parameter>
	<parameter name="emailid" value="shardur.thakur@gmail.com"></parameter>
	<parameter name="phonenumber" value="8758763457"></parameter>
	<parameter name="carduumber" value="379868336301000"></parameter>
	<parameter name="expirydate" value="1232"></parameter>
	<parameter name="CVV" value="8758"></parameter>
	<test thread-count="5" name="Regression Test">
		<packages>
			<package name="Test" />
		</packages>
	</test> <!-- Regression Test -->
</suite> <!-- Regression Suite -->
